{
    "display1": {
        "polygon": [
            [
                1680.0,
                4.9999999999999325
            ],
            [
                40.0,
                618.0
            ],
            [
                1509.0,
                1062.0
            ],
            [
                2311.0,
                971.9999999999999
            ]
        ],
        "image_shape": [
            1440,
            2560
        ],
        "origin": [
            0,
            0
        ],
        "bias": [
            0,
            150
        ],
        "size": [
            300,
            150
        ]
    },
    "display2": {
        "polygon": [
            [
                318.0,
                565.0
            ],
            [
                659.0,
                799.0
            ],
            [
                1915.9999999999998,
                352.99999999999994
            ],
            [
                1464.0,
                10.999999999999943
            ]
        ],
        "image_shape": [
            1440,
            2560
        ],
        "origin": [
            56,
            0
        ],
        "bias": [
            300,
            200
        ],
        "size": [
            200,
            100
        ]
    },
    "display3": {
        "polygon": [
            [
                1855.0,
                300.00000000000006
            ],
            [
                1075.0,
                430.0
            ],
            [
                1292.0,
                868.0
            ],
            [
                1930.0,
                742.0
            ]
        ],
        "image_shape": [
            1440,
            2560
        ],
        "origin": [
            56,
            0
        ],
        "bias": [
            606,
            0
        ],
        "size": [
            303,
            300
        ]
    }
}