{
    "display1": {
        "polygon": [
            [
                414.99999999999994,
                136.99999999999997
            ],
            [
                0,
                1440
            ],
            [
                2560,
                1440
            ],
            [
                2560,
                0
            ]
        ]
    },
    "display2": {
        "polygon": [
            [
                4.0,
                852.0
            ],
            [
                0,
                1440
            ],
            [
                2560,
                1440
            ],
            [
                2560,
                0
            ]
        ]
    }
}