{
    "display1": {
        "polygon": [
            [
                544.0,
                464.0
            ],
            [
                563.0,
                983.0
            ],
            [
                1070.0,
                974.0
            ],
            [
                1086.0,
                652.0
            ]
        ],
        "image_shape": [
            1440,
            2560
        ],
        "origin": [
            0,
            0
        ],
        "bias": [
            0,
            0
        ]
    },
    "display2": {
        "polygon": [
            [
                58.0,
                102.99999999999996
            ],
            [
                27.999999999999996,
                1370.0
            ],
            [
                2499.0,
                1374.0
            ],
            [
                2503.0,
                2.0000000000000036
            ]
        ],
        "image_shape": [
            1440,
            2560
        ],
        "origin": [
            56,
            0
        ],
        "bias": [
            303,
            0
        ]
    },
    "display3": {
        "polygon": [
            [
                2507.0,
                1239.0
            ],
            [
                2467.0,
                241.00000000000006
            ],
            [
                665.0,
                424.0
            ],
            [
                753.0000000000001,
                1319.0
            ]
        ],
        "image_shape": [
            1440,
            2560
        ],
        "origin": [
            56,
            0
        ],
        "bias": [
            606,
            0
        ]
    }
}