{
    "display1": {
        "polygon": [
            [
                1084.0,
                543.0
            ],
            [
                1079.0,
                831.0
            ],
            [
                1483.0,
                829.0
            ],
            [
                1491.0,
                539.0
            ]
        ],
        "image_shape": [
            480,
            640
        ],
        "origin": [
            960,
            448.5
        ],
        "bias": [
            300,
            100
        ]
    },
    "display2": {
        "polygon": [
            [
                475.0,
                149.99999999999997
            ],
            [
                437.0,
                845.0
            ],
            [
                1707.0,
                901.9999999999999
            ],
            [
                1918.0,
                252.0
            ]
        ],
        "image_shape": [
            1377,
            2448
        ],
        "origin": [
            56,
            0
        ],
        "bias": [
            0,
            0
        ]
    },
    "display3": {
        "polygon": [
            [
                461.0,
                241.99999999999997
            ],
            [
                0,
                1440
            ],
            [
                2560,
                1440
            ],
            [
                2560,
                0
            ]
        ],
        "image_shape": [
            1440,
            2560
        ],
        "origin": [
            56,
            0
        ],
        "bias": [
            300,
            100
        ]
    }
}