{
    "display1": {
        "polygon": [
            [
                544.0,
                464.0
            ],
            [
                563.0,
                983.0
            ],
            [
                2502.0,
                841.0
            ],
            [
                2382.0,
                186.99999999999994
            ]
        ],
        "image_shape": [
            1440,
            2560
        ],
        "origin": [
            0,
            0
        ],
        "bias": [
            0,
            0
        ]
    },
    "display2": {
        "polygon": [
            [
                964.0,
                524.9999999999999
            ],
            [
                762.0,
                782.0
            ],
            [
                2046.0,
                1108.0
            ],
            [
                2076.0,
                928.9999999999999
            ]
        ],
        "image_shape": [
            1440,
            2560
        ],
        "origin": [
            56,
            0
        ],
        "bias": [
            303,
            0
        ]
    },
    "display3": {
        "polygon": [
            [
                56,
                0
            ],
            [
                56,
                1377
            ],
            [
                2504,
                1377
            ],
            [
                2504,
                0
            ]
        ],
        "image_shape": [
            1440,
            2560
        ],
        "origin": [
            56,
            0
        ],
        "bias": [
            606,
            0
        ]
    }
}